{"cameraMode":{"drawMode":0,"name":"Shaded","section":"Shading Mode"},"sceneLighting":true,"audioPlay":false,"sceneViewState":{"showFog":true,"showMaterialUpdate":false,"showSkybox":true,"showFlares":true,"showImageEffects":true,"showParticleSystems":true,"showVisualEffectGraphs":true,"m_FxEnabled":true},"in2DMode":false,"pivot":{"x":3.017477035522461,"y":21.338212966918947,"z":-32.43111801147461},"rotation":{"x":0.14686515927314759,"y":-0.7322361469268799,"z":0.16733935475349427,"w":0.6444755792617798},"size":0.12115516513586045,"orthographic":false}