{"cameraMode":{"drawMode":0,"name":"Shaded","section":"Shading Mode"},"sceneLighting":true,"audioPlay":false,"sceneViewState":{"showFog":true,"showMaterialUpdate":false,"showSkybox":true,"showFlares":true,"showImageEffects":true,"showParticleSystems":true,"showVisualEffectGraphs":true,"m_FxEnabled":true},"in2DMode":false,"pivot":{"x":-7.200155258178711,"y":18.262798309326173,"z":-47.304203033447269},"rotation":{"x":0.007654177490621805,"y":-0.9902234077453613,"z":0.10912402719259262,"w":0.09436863660812378},"size":12.12435531616211,"orthographic":false}